,user_id,age,device_type,time_spent_mins,items_in_cart,churn_risk_score,historical_purchases,clicked_upgrade_banner
0,10001,22.0,Desktop,30.0,1,2.78,6,No
1,10002,22.0,Desktop,23.6,2,1.45,4,No
2,10003,28.0,Mobile,31.5,1,2.41,2,No
3,10004,35.0,Tablet,40.2,7,4.99,3,Yes
4,10005,28.0,Desktop,22.7,6,4.56,12,No
5,10006,22.0,Mobile,22.7,1,1.19,15,No
6,10007,22.0,Mobile,40.8,1,3.25,0,No
7,10008,28.0,Desktop,32.7,4,3.59,10,Yes
8,10009,45.0,Desktop,20.3,5,1.84,8,Yes
9,10010,28.0,Tablet,30.4,5,1.58,4,Yes
10,10011,60.0,Mobile,20.4,0,4.62,0,No
11,10012,28.0,Desktop,20.3,5,4.88,3,No
12,10013,22.0,Mobile,27.4,3,4.97,1,No
13,10014,45.0,Tablet,5.9,7,4.16,0,Yes
14,10015,28.0,Desktop,7.8,3,3.65,2,Yes
15,10016,35.0,Tablet,19.4,3,2.38,6,Yes
16,10017,60.0,Mobile,14.9,3,1.69,5,No
17,10018,22.0,Tablet,28.1,4,1.32,3,No
18,10019,22.0,Tablet,15.9,4,3.77,7,No
19,10020,35.0,Mobile,10.9,3,4.14,1,No
20,10021,28.0,Tablet,39.7,3,4.31,8,No
21,10022,22.0,Mobile,22.7,3,4.66,7,Yes
22,10023,,Desktop,25.7,2,4.52,5,No
23,10024,,Mobile,10.8,4,5.0,6,No
24,10025,35.0,Mobile,19.6,1,1.98,10,No
25,10026,22.0,Desktop,26.1,0,4.05,6,No
26,10027,28.0,Mobile,13.5,7,3.35,4,Yes
27,10028,35.0,Desktop,28.8,1,2.04,2,Yes
28,10029,28.0,Desktop,19.0,1,4.93,0,Yes
29,10030,,Mobile,22.1,1,4.59,5,Yes
30,10031,35.0,Tablet,19.0,3,1.51,0,No
31,10032,,Tablet,43.5,1,1.1,5,No
32,10033,35.0,Desktop,24.9,3,3.75,3,Yes
33,10034,45.0,Tablet,14.4,6,3.42,5,No
34,10035,28.0,Tablet,33.2,1,4.74,5,No
35,10036,28.0,Mobile,12.8,2,1.94,7,No
36,10037,28.0,Desktop,27.1,3,1.34,12,No
37,10038,28.0,Desktop,5.4,3,2.04,8,No
38,10039,45.0,Mobile,11.7,7,1.08,1,No
39,10040,45.0,Tablet,27.0,5,1.14,3,No
40,10041,28.0,Desktop,32.4,2,4.66,4,No
41,10042,35.0,Tablet,26.7,1,2.41,0,No
42,10043,45.0,Desktop,23.8,7,2.64,6,Yes
43,10044,60.0,Desktop,22.0,5,1.07,8,Yes
44,10045,28.0,Desktop,10.2,3,2.08,16,No
45,10046,28.0,Desktop,17.8,2,4.22,2,No
46,10047,28.0,Tablet,20.4,3,3.46,5,No
47,10048,60.0,Tablet,35.6,2,4.02,14,No
48,10049,22.0,Tablet,28.4,4,2.79,1,Yes
49,10050,35.0,Tablet,7.4,3,2.24,5,No
50,10051,28.0,Mobile,28.2,3,2.93,9,No
51,10052,28.0,Desktop,21.1,6,2.29,6,No
52,10053,28.0,Desktop,18.2,1,4.36,1,No
53,10054,60.0,Desktop,31.1,4,2.19,3,No
54,10055,22.0,Mobile,35.3,2,3.64,5,Yes
55,10056,35.0,Tablet,34.3,2,1.55,7,No
56,10057,22.0,Desktop,16.6,3,3.75,8,Yes
57,10058,22.0,Tablet,21.9,3,4.65,1,No
58,10059,28.0,Tablet,28.3,1,3.43,0,No
59,10060,28.0,Mobile,34.8,3,3.24,2,Yes
60,10061,28.0,Mobile,20.2,2,4.84,0,Yes
61,10062,28.0,Tablet,23.1,4,3.51,3,No
62,10063,22.0,Desktop,13.9,6,2.04,3,Yes
63,10064,28.0,Desktop,13.0,5,2.17,4,Yes
64,10065,60.0,Mobile,33.1,5,3.82,3,No
65,10066,45.0,Mobile,38.6,3,3.94,20,Yes
66,10067,28.0,Mobile,24.3,3,2.21,1,Yes
67,10068,35.0,Mobile,35.0,0,2.38,3,No
68,10069,45.0,Mobile,28.6,3,4.96,3,No
69,10070,,Mobile,18.5,4,1.41,2,Yes
70,10071,45.0,Mobile,28.6,6,2.62,11,Yes
71,10072,45.0,Desktop,40.4,2,1.25,7,Yes
72,10073,22.0,Mobile,24.6,1,4.28,0,Yes
73,10074,22.0,Mobile,40.6,2,1.37,18,Yes
74,10075,60.0,Desktop,1.2,2,3.7,3,No
75,10076,28.0,Desktop,33.2,1,1.23,11,No
76,10077,,Tablet,25.9,2,3.69,1,No
77,10078,28.0,Mobile,22.0,5,4.37,8,Yes
78,10079,28.0,Mobile,25.9,6,2.6,2,Yes
79,10080,35.0,Mobile,5.1,4,3.09,5,No
80,10081,35.0,Mobile,22.8,2,2.61,0,No
81,10082,60.0,Tablet,28.6,5,2.2,5,Yes
82,10083,28.0,Desktop,39.8,4,4.21,1,No
83,10084,28.0,Desktop,19.8,3,2.09,4,No
84,10085,28.0,Mobile,16.9,4,3.89,5,Yes
85,10086,28.0,Mobile,20.0,0,1.82,5,No
86,10087,22.0,Mobile,34.2,2,2.0,0,No
87,10088,60.0,Tablet,28.3,2,2.35,5,No
88,10089,45.0,Tablet,19.7,3,3.36,1,Yes
89,10090,28.0,Desktop,30.1,5,2.82,4,Yes
90,10091,35.0,Mobile,26.0,3,3.98,9,No
91,10092,22.0,Mobile,34.7,5,1.85,6,Yes
92,10093,28.0,Mobile,18.0,2,1.04,13,No
93,10094,35.0,Mobile,21.7,4,4.11,2,Yes
94,10095,28.0,Tablet,21.1,5,4.29,9,Yes
95,10096,60.0,Desktop,10.4,2,1.24,5,No
96,10097,35.0,Desktop,28.0,1,3.44,4,Yes
97,10098,28.0,Tablet,27.6,0,2.51,3,No
98,10099,35.0,Mobile,25.1,4,4.18,0,No
99,10100,22.0,Desktop,22.7,3,4.5,1,No
100,10101,28.0,Desktop,10.8,4,4.4,6,Yes
101,10102,28.0,Tablet,20.8,1,4.11,4,Yes
102,10103,28.0,Mobile,21.6,1,2.08,3,Yes
103,10104,35.0,Desktop,17.0,2,4.25,2,No
104,10105,28.0,Mobile,23.4,2,3.13,0,Yes
105,10106,35.0,Desktop,29.0,1,1.21,8,No
106,10107,35.0,Tablet,43.9,2,2.83,9,Yes
107,10108,28.0,Mobile,26.7,5,4.77,12,Yes
108,10109,45.0,Tablet,27.6,2,4.55,0,No
109,10110,22.0,Desktop,24.3,3,1.41,7,Yes
110,10111,22.0,Tablet,5.8,4,3.98,6,No
111,10112,28.0,Tablet,24.7,2,4.22,2,Yes
112,10113,28.0,Tablet,25.6,2,2.09,3,Yes
113,10114,,Desktop,49.6,2,2.89,19,No
114,10115,35.0,Mobile,23.1,5,3.84,4,Yes
115,10116,28.0,Tablet,28.0,3,2.76,1,No
116,10117,28.0,Mobile,24.7,2,1.45,1,Yes
117,10118,60.0,Desktop,13.3,4,3.82,1,No
118,10119,35.0,Mobile,36.4,7,4.65,4,Yes
119,10120,45.0,Tablet,32.5,1,3.61,1,No
120,10121,22.0,Tablet,32.9,7,4.1,7,Yes
121,10122,35.0,Tablet,15.9,3,2.43,5,Yes
122,10123,45.0,Tablet,39.0,1,1.73,6,Yes
123,10124,35.0,Tablet,11.0,2,3.57,6,No
124,10125,35.0,Tablet,30.9,1,2.31,1,No
125,10126,28.0,Desktop,46.9,4,4.44,9,Yes
126,10127,22.0,Desktop,15.1,3,1.49,10,No
127,10128,28.0,Desktop,19.3,2,2.73,8,No
128,10129,28.0,Mobile,26.0,1,2.59,1,No
129,10130,45.0,Mobile,20.0,2,4.75,6,No
130,10131,22.0,Desktop,9.5,3,1.61,2,No
131,10132,60.0,Mobile,25.7,3,1.04,2,No
132,10133,60.0,Mobile,14.4,1,1.95,11,No
133,10134,22.0,Tablet,29.7,7,4.28,5,Yes
134,10135,28.0,Tablet,15.8,2,1.84,15,Yes
135,10136,45.0,Mobile,40.5,3,1.96,5,Yes
136,10137,60.0,Mobile,17.2,4,1.52,8,No
137,10138,28.0,Desktop,21.8,3,3.86,20,No
138,10139,28.0,Mobile,33.1,6,1.28,9,No
139,10140,28.0,Tablet,12.7,5,2.32,4,No
140,10141,35.0,Mobile,27.3,2,2.13,10,Yes
141,10142,28.0,Desktop,38.1,1,3.22,3,No
142,10143,35.0,Tablet,8.9,5,3.92,7,Yes
143,10144,22.0,Tablet,26.8,3,3.13,0,Yes
144,10145,,Tablet,27.6,5,4.72,11,Yes
145,10146,28.0,Tablet,32.8,1,4.81,4,No
146,10147,28.0,Mobile,12.6,3,2.45,1,No
147,10148,28.0,Desktop,11.8,3,4.11,0,No
148,10149,28.0,Mobile,30.2,3,3.96,6,Yes
149,10150,28.0,Mobile,28.0,2,4.57,6,No
150,10151,22.0,Tablet,27.5,1,2.79,4,No
151,10152,28.0,Desktop,28.5,4,3.12,4,Yes
152,10153,60.0,Tablet,18.2,1,2.66,1,No
153,10154,28.0,Mobile,27.3,7,4.4,4,Yes
154,10155,28.0,Mobile,27.9,2,1.92,3,No
155,10156,35.0,Tablet,17.9,3,1.96,4,Yes
156,10157,60.0,Mobile,43.7,3,2.49,0,Yes
157,10158,22.0,Mobile,29.7,6,1.92,5,Yes
158,10159,35.0,Tablet,13.1,2,3.24,4,No
159,10160,35.0,Mobile,31.6,1,1.54,3,No
160,10161,35.0,Desktop,15.3,5,2.28,1,No
161,10162,22.0,Tablet,32.9,2,4.65,7,No
162,10163,35.0,Desktop,36.6,6,2.64,3,Yes
163,10164,22.0,Mobile,16.8,3,3.99,3,No
164,10165,35.0,Mobile,34.6,4,1.45,0,Yes
165,10166,35.0,Tablet,29.1,2,1.99,2,Yes
166,10167,22.0,Mobile,33.2,0,4.23,11,No
167,10168,45.0,Tablet,44.0,3,4.05,5,No
168,10169,,Tablet,22.5,5,2.54,3,No
169,10170,45.0,Tablet,17.5,3,4.82,2,No
170,10171,28.0,Tablet,16.1,2,4.64,6,No
171,10172,22.0,Tablet,16.8,3,4.85,8,No
172,10173,22.0,Desktop,24.2,3,2.71,10,Yes
173,10174,60.0,Tablet,28.4,2,1.79,8,No
174,10175,22.0,Desktop,27.8,2,3.51,10,Yes
175,10176,22.0,Mobile,33.3,3,3.74,0,No
176,10177,28.0,Tablet,25.1,2,1.5,6,No
177,10178,35.0,Mobile,39.5,1,4.15,3,Yes
178,10179,28.0,Tablet,22.4,2,1.07,6,No
179,10180,22.0,Desktop,52.2,4,2.93,6,Yes
180,10181,28.0,Desktop,31.3,4,2.32,7,No
181,10182,22.0,Desktop,16.4,4,3.96,7,No
182,10183,22.0,Mobile,14.3,3,2.25,4,No
183,10184,28.0,Tablet,29.8,3,4.31,1,Yes
184,10185,35.0,Mobile,22.8,1,3.38,19,No
185,10186,22.0,Desktop,32.1,4,4.18,2,Yes
186,10187,28.0,Mobile,29.7,2,4.96,4,Yes
187,10188,28.0,Desktop,24.3,2,3.72,0,No
188,10189,60.0,Desktop,16.5,2,4.94,4,No
189,10190,60.0,Desktop,9.9,6,1.12,5,Yes
190,10191,45.0,Tablet,20.5,1,2.35,1,No
191,10192,22.0,Tablet,33.6,2,1.43,2,Yes
192,10193,22.0,Desktop,27.1,2,2.05,1,No
193,10194,28.0,Mobile,12.5,2,4.36,7,No
194,10195,28.0,Mobile,26.7,5,1.13,11,Yes
195,10196,28.0,Tablet,28.9,3,3.08,3,No
196,10197,35.0,Desktop,16.2,1,3.27,2,Yes
197,10198,45.0,Mobile,26.5,3,3.24,3,Yes
198,10199,45.0,Desktop,25.6,5,2.9,2,Yes
199,10200,28.0,Mobile,13.6,4,4.16,12,Yes
200,10201,35.0,Tablet,28.6,4,1.53,2,Yes
201,10202,28.0,Desktop,30.6,5,2.24,3,No
202,10203,22.0,Desktop,35.8,2,3.46,3,Yes
203,10204,35.0,Mobile,35.5,3,3.76,2,No
204,10205,,Mobile,11.2,2,2.62,1,No
205,10206,28.0,Mobile,15.6,8,4.5,5,No
206,10207,28.0,Desktop,30.2,3,2.66,0,No
207,10208,35.0,Tablet,30.1,4,2.61,3,Yes
208,10209,35.0,Tablet,30.2,5,1.14,0,Yes
209,10210,28.0,Mobile,63.5,4,3.2,5,Yes
210,10211,45.0,Tablet,30.7,3,3.83,9,No
211,10212,28.0,Mobile,36.4,3,1.46,7,Yes
212,10213,28.0,Tablet,34.5,1,2.22,5,Yes
213,10214,35.0,Desktop,31.5,4,4.13,3,Yes
214,10215,35.0,Mobile,21.8,4,2.46,7,No
215,10216,60.0,Tablet,32.6,3,1.97,8,Yes
216,10217,22.0,Desktop,17.3,2,3.69,8,No
217,10218,35.0,Tablet,22.6,5,1.79,8,Yes
218,10219,35.0,Desktop,20.1,1,4.58,4,No
219,10220,45.0,Desktop,25.8,7,1.42,9,No
220,10221,22.0,Tablet,48.1,3,3.83,1,Yes
221,10222,35.0,Tablet,6.3,4,3.0,1,No
222,10223,35.0,Desktop,31.9,2,4.48,4,No
223,10224,28.0,Desktop,8.9,0,1.5,2,No
224,10225,28.0,Desktop,20.3,4,3.71,11,No
225,10226,28.0,Mobile,35.9,3,3.29,1,No
226,10227,35.0,Desktop,25.6,4,2.92,3,Yes
227,10228,45.0,Mobile,14.2,3,2.97,15,Yes
228,10229,35.0,Desktop,17.8,1,3.89,2,No
229,10230,35.0,Mobile,31.8,0,4.75,4,No
230,10231,28.0,Desktop,17.7,3,1.37,8,No
231,10232,22.0,Desktop,27.2,2,1.08,2,No
232,10233,22.0,Desktop,25.5,6,4.22,3,Yes
233,10234,28.0,Tablet,18.5,2,1.43,2,No
234,10235,28.0,Tablet,46.4,4,4.95,11,Yes
235,10236,22.0,Desktop,31.3,3,3.48,2,No
236,10237,28.0,Mobile,4.7,7,3.6,10,Yes
237,10238,28.0,Mobile,26.9,5,1.8,1,Yes
238,10239,28.0,Desktop,18.4,4,1.96,1,Yes
239,10240,28.0,Tablet,33.5,1,3.64,0,No
240,10241,22.0,Mobile,17.1,6,4.64,20,Yes
241,10242,45.0,Tablet,23.9,1,4.93,1,Yes
242,10243,45.0,Mobile,30.0,2,1.79,0,Yes
243,10244,35.0,Desktop,33.7,1,1.54,0,No
244,10245,22.0,Tablet,13.0,3,1.23,2,No
245,10246,35.0,Mobile,21.7,2,4.47,1,No
246,10247,45.0,Desktop,20.3,1,2.18,3,Yes
247,10248,35.0,Desktop,18.5,0,1.01,4,No
248,10249,22.0,Desktop,42.7,1,1.9,5,Yes
249,10250,35.0,Tablet,29.0,1,2.36,5,No
250,10251,45.0,Tablet,12.4,5,4.96,3,No
251,10252,35.0,Desktop,34.2,2,3.09,4,Yes
252,10253,35.0,Tablet,46.2,6,1.82,3,Yes
253,10254,28.0,Mobile,35.3,2,2.34,3,Yes
254,10255,28.0,Desktop,9.8,5,2.32,1,No
255,10256,,Desktop,20.2,2,1.08,4,Yes
256,10257,35.0,Tablet,37.7,1,1.54,3,No
257,10258,22.0,Desktop,17.9,1,3.78,8,No
258,10259,28.0,Mobile,29.4,2,1.48,1,Yes
259,10260,28.0,Tablet,32.7,3,1.92,1,No
260,10261,28.0,Tablet,15.7,2,2.4,7,Yes
261,10262,22.0,Desktop,24.4,1,4.03,10,No
262,10263,35.0,Desktop,7.4,5,3.33,2,No
263,10264,35.0,Desktop,14.8,5,3.76,2,No
264,10265,22.0,Tablet,22.5,2,3.27,9,No
265,10266,22.0,Desktop,12.5,1,3.73,6,No
266,10267,22.0,Mobile,41.3,3,1.01,3,Yes
267,10268,45.0,Desktop,10.7,0,4.72,3,No
268,10269,28.0,Desktop,20.6,2,1.44,10,No
269,10270,28.0,Tablet,26.3,6,2.62,1,No
270,10271,22.0,Desktop,39.4,7,4.08,5,Yes
271,10272,35.0,Tablet,10.6,3,2.74,1,No
272,10273,45.0,Desktop,36.6,3,4.79,7,Yes
273,10274,45.0,Mobile,25.1,3,2.87,1,Yes
274,10275,35.0,Mobile,15.2,1,4.5,3,No
275,10276,22.0,Tablet,29.6,3,4.24,0,No
276,10277,22.0,Tablet,27.0,4,4.92,1,No
277,10278,,Desktop,19.0,4,4.71,14,Yes
278,10279,28.0,Desktop,25.7,1,4.59,2,No
279,10280,22.0,Mobile,21.1,3,3.93,0,Yes
280,10281,28.0,Desktop,26.1,0,2.47,2,No
281,10282,28.0,Mobile,31.6,2,1.42,9,No
282,10283,45.0,Tablet,40.9,4,3.75,9,Yes
283,10284,35.0,Desktop,12.6,6,4.91,3,No
284,10285,45.0,Tablet,46.3,3,3.91,10,Yes
285,10286,35.0,Desktop,5.5,2,4.71,0,No
286,10287,22.0,Mobile,23.5,4,4.22,13,Yes
287,10288,35.0,Tablet,30.9,2,1.65,7,No
288,10289,28.0,Tablet,27.8,4,2.0,0,Yes
289,10290,35.0,Desktop,18.8,2,2.37,4,Yes
290,10291,28.0,Tablet,22.9,6,1.67,2,Yes
291,10292,60.0,Mobile,20.1,2,3.33,3,Yes
292,10293,28.0,Tablet,19.1,0,4.9,1,No
293,10294,28.0,Tablet,33.5,5,4.05,3,Yes
294,10295,45.0,Desktop,28.6,3,2.69,0,No
295,10296,,Tablet,18.1,2,1.02,9,No
296,10297,35.0,Desktop,34.0,5,2.25,5,Yes
297,10298,35.0,Desktop,28.1,4,3.11,4,No
298,10299,45.0,Tablet,33.1,4,2.3,5,Yes
299,10300,60.0,Mobile,31.3,7,1.44,5,No
300,10301,60.0,Desktop,16.7,2,2.77,6,No
301,10302,22.0,Tablet,19.4,2,2.01,6,No
302,10303,45.0,Desktop,32.5,5,4.64,5,Yes
303,10304,35.0,Mobile,31.1,4,1.41,5,Yes
304,10305,35.0,Mobile,24.8,3,1.2,8,Yes
305,10306,22.0,Desktop,26.2,2,1.02,5,Yes
306,10307,35.0,Mobile,37.8,4,2.31,2,No
307,10308,60.0,Tablet,19.1,4,3.64,4,No
308,10309,45.0,Tablet,30.5,5,3.92,4,Yes
309,10310,28.0,Desktop,23.0,1,2.81,0,No
310,10311,,Mobile,22.8,2,3.74,0,Yes
311,10312,28.0,Tablet,36.0,1,2.44,4,No
312,10313,45.0,Tablet,33.3,4,3.67,11,Yes
313,10314,35.0,Tablet,33.1,1,1.16,12,No
314,10315,28.0,Desktop,38.1,3,2.56,9,Yes
315,10316,22.0,Desktop,25.2,1,4.16,1,No
316,10317,28.0,Tablet,31.8,2,4.21,3,No
317,10318,28.0,Tablet,21.9,5,3.86,1,No
318,10319,45.0,Mobile,28.2,4,1.82,11,No
319,10320,35.0,Mobile,23.7,3,1.99,5,Yes
320,10321,28.0,Mobile,26.0,3,4.98,2,No
321,10322,28.0,Desktop,31.0,5,1.41,3,Yes
322,10323,22.0,Tablet,16.8,3,1.72,5,Yes
323,10324,60.0,Desktop,45.9,2,1.52,4,No
324,10325,28.0,Tablet,14.9,1,2.31,3,Yes
325,10326,28.0,Mobile,12.9,2,1.84,11,No
326,10327,28.0,Mobile,36.6,1,2.99,4,No
327,10328,35.0,Mobile,32.9,2,2.9,2,Yes
328,10329,35.0,Mobile,31.2,1,4.61,5,No
329,10330,35.0,Tablet,31.3,3,1.14,3,Yes
330,10331,28.0,Mobile,24.9,3,2.28,10,Yes
331,10332,28.0,Tablet,16.0,6,3.39,0,Yes
332,10333,22.0,Tablet,25.8,5,3.42,8,Yes
333,10334,35.0,Desktop,18.2,6,2.92,16,Yes
334,10335,,Mobile,34.8,1,4.26,0,No
335,10336,35.0,Mobile,23.5,2,1.25,4,Yes
336,10337,45.0,Desktop,16.7,4,4.26,1,No
337,10338,45.0,Tablet,21.8,2,2.98,1,No
338,10339,28.0,Mobile,29.1,1,1.54,3,No
339,10340,28.0,Tablet,19.4,4,4.54,7,No
340,10341,22.0,Desktop,16.8,4,3.6,3,No
341,10342,35.0,Tablet,27.4,1,1.65,5,No
342,10343,45.0,Mobile,27.4,4,1.13,8,Yes
343,10344,22.0,Tablet,19.9,3,1.56,4,Yes
344,10345,28.0,Tablet,20.3,1,3.44,5,Yes
345,10346,45.0,Mobile,27.3,2,1.72,3,Yes
346,10347,45.0,Mobile,10.5,1,1.9,5,No
347,10348,22.0,Tablet,10.9,2,1.1,1,No
348,10349,35.0,Tablet,17.8,2,3.89,6,Yes
349,10350,22.0,Desktop,22.9,3,4.24,6,No
350,10351,22.0,Mobile,28.1,4,4.19,5,No
351,10352,45.0,Tablet,39.8,4,1.51,2,No
352,10353,45.0,Mobile,33.6,0,4.61,6,Yes
353,10354,35.0,Desktop,23.4,3,3.69,5,Yes
354,10355,,Tablet,24.8,0,4.59,3,No
355,10356,45.0,Tablet,15.0,3,2.79,24,No
356,10357,28.0,Tablet,24.8,1,2.75,5,Yes
357,10358,28.0,Mobile,22.1,4,4.14,4,Yes
358,10359,28.0,Desktop,28.2,5,1.37,5,Yes
359,10360,22.0,Mobile,16.7,1,3.08,1,No
360,10361,35.0,Tablet,30.2,3,4.35,0,No
361,10362,35.0,Desktop,40.3,3,4.32,7,No
362,10363,22.0,Tablet,23.9,3,4.82,2,Yes
363,10364,22.0,Tablet,29.0,2,3.79,0,No
364,10365,22.0,Mobile,31.9,3,1.83,5,No
365,10366,22.0,Tablet,21.0,3,1.08,1,Yes
366,10367,35.0,Desktop,27.2,4,2.92,2,No
367,10368,45.0,Tablet,25.1,3,3.05,8,No
368,10369,,Tablet,26.0,1,1.96,7,No
369,10370,,Mobile,17.3,2,1.5,4,No
370,10371,35.0,Desktop,25.2,4,3.34,5,Yes
371,10372,45.0,Mobile,30.0,1,4.06,4,No
372,10373,28.0,Tablet,39.5,4,4.97,1,Yes
373,10374,28.0,Mobile,34.6,2,4.03,13,Yes
374,10375,35.0,Mobile,46.5,1,4.17,9,Yes
375,10376,28.0,Mobile,17.3,5,3.47,2,No
376,10377,,Mobile,33.7,6,4.94,3,Yes
377,10378,35.0,Tablet,26.8,1,3.56,2,Yes
378,10379,35.0,Tablet,46.9,7,4.44,5,Yes
379,10380,35.0,Desktop,16.9,4,4.78,6,No
380,10381,35.0,Mobile,16.6,3,4.72,1,No
381,10382,35.0,Mobile,19.0,3,2.53,7,Yes
382,10383,22.0,Desktop,3.8,0,1.31,2,No
383,10384,28.0,Mobile,19.7,3,1.69,6,No
384,10385,22.0,Desktop,17.4,3,1.24,6,No
385,10386,22.0,Tablet,26.5,1,1.42,0,Yes
386,10387,35.0,Desktop,28.4,0,1.74,13,No
387,10388,45.0,Mobile,43.8,2,2.36,2,Yes
388,10389,60.0,Desktop,34.5,4,3.17,6,Yes
389,10390,35.0,Tablet,19.2,6,3.85,10,Yes
390,10391,22.0,Mobile,16.0,3,1.84,6,Yes
391,10392,22.0,Tablet,29.9,3,3.69,10,No
392,10393,45.0,Tablet,11.8,2,3.82,2,No
393,10394,35.0,Desktop,43.3,1,3.23,7,Yes
394,10395,35.0,Tablet,36.8,0,4.61,12,No
395,10396,35.0,Mobile,20.3,2,1.44,4,No
396,10397,35.0,Tablet,7.9,6,1.71,3,No
397,10398,45.0,Tablet,38.5,6,2.71,5,Yes
398,10399,22.0,Desktop,23.9,3,1.51,6,No
399,10400,35.0,Tablet,37.4,3,3.27,7,Yes
400,10401,45.0,Desktop,9.1,2,2.59,1,Yes
401,10402,28.0,Desktop,19.0,5,2.14,12,No
402,10403,35.0,Mobile,25.1,3,1.68,5,Yes
403,10404,28.0,Mobile,25.5,2,2.34,11,No
404,10405,60.0,Mobile,20.5,2,3.43,2,Yes
405,10406,,Mobile,31.2,2,3.3,8,No
406,10407,35.0,Desktop,14.3,3,1.65,5,No
407,10408,22.0,Tablet,23.6,1,1.5,3,Yes
408,10409,35.0,Mobile,26.2,6,1.11,4,Yes
409,10410,22.0,Mobile,30.1,4,1.05,1,Yes
410,10411,22.0,Mobile,32.1,6,4.52,7,Yes
411,10412,28.0,Tablet,13.8,2,1.18,12,No
412,10413,45.0,Mobile,9.7,5,3.92,1,No
413,10414,22.0,Tablet,37.8,2,4.49,1,No
414,10415,22.0,Desktop,28.3,3,1.39,2,Yes
415,10416,35.0,Desktop,17.5,6,2.75,9,Yes
416,10417,28.0,Desktop,40.5,6,4.85,2,Yes
417,10418,45.0,Tablet,26.2,5,4.34,8,Yes
418,10419,22.0,Mobile,36.8,4,2.96,4,Yes
419,10420,35.0,Mobile,25.7,3,4.05,3,Yes
420,10421,22.0,Mobile,45.6,1,4.33,2,Yes
421,10422,22.0,Mobile,42.6,4,2.39,8,Yes
422,10423,35.0,Mobile,22.5,3,4.57,7,No
423,10424,35.0,Tablet,34.7,4,2.88,3,No
424,10425,35.0,Desktop,31.5,2,3.11,3,Yes
425,10426,28.0,Mobile,38.7,2,5.0,1,Yes
426,10427,28.0,Desktop,15.4,4,4.37,7,No
427,10428,28.0,Tablet,31.9,4,2.45,1,Yes
428,10429,60.0,Tablet,35.6,1,1.04,1,No
429,10430,28.0,Mobile,7.4,2,3.5,4,No
430,10431,28.0,Tablet,13.2,4,3.82,6,Yes
431,10432,28.0,Desktop,4.6,2,3.6,5,No
432,10433,35.0,Mobile,22.3,3,4.87,16,Yes
433,10434,28.0,Mobile,32.2,5,4.45,6,Yes
434,10435,45.0,Desktop,40.0,2,2.8,2,Yes
435,10436,28.0,Mobile,25.7,2,1.25,6,Yes
436,10437,45.0,Mobile,41.3,2,2.9,10,Yes
437,10438,22.0,Desktop,11.2,2,3.76,5,No
438,10439,35.0,Mobile,8.0,4,3.43,1,No
439,10440,45.0,Mobile,24.4,2,3.15,0,No
440,10441,22.0,Desktop,28.8,2,2.88,17,No
441,10442,60.0,Tablet,24.7,3,2.18,4,No
442,10443,28.0,Desktop,4.3,2,2.11,4,No
443,10444,45.0,Mobile,24.1,2,3.0,0,No
444,10445,35.0,Desktop,12.0,2,1.64,3,No
445,10446,28.0,Mobile,31.7,5,2.36,9,Yes
446,10447,22.0,Mobile,28.7,4,2.3,8,Yes
447,10448,28.0,Desktop,15.6,4,3.35,7,Yes
448,10449,22.0,Mobile,19.9,4,1.27,2,Yes
449,10450,22.0,Tablet,14.4,4,4.32,17,No
450,10451,22.0,Mobile,24.4,4,3.25,3,No
451,10452,28.0,Desktop,34.6,0,3.68,1,No
452,10453,35.0,Tablet,15.1,1,3.81,0,Yes
453,10454,22.0,Tablet,30.0,4,2.17,4,Yes
454,10455,22.0,Mobile,19.7,1,2.88,1,No
455,10456,35.0,Desktop,17.1,4,4.82,2,Yes
456,10457,22.0,Mobile,23.9,1,4.07,4,No
457,10458,22.0,Mobile,14.6,2,4.88,2,No
458,10459,22.0,Desktop,19.5,2,3.99,6,No
459,10460,45.0,Desktop,13.0,1,1.7,8,No
460,10461,45.0,Mobile,44.6,4,1.26,12,Yes
461,10462,28.0,Tablet,25.4,7,3.31,4,No
462,10463,35.0,Mobile,18.0,3,2.43,2,No
463,10464,28.0,Tablet,27.1,4,2.1,5,Yes
464,10465,35.0,Mobile,23.9,5,4.23,1,No
465,10466,35.0,Desktop,22.8,3,2.47,4,No
466,10467,35.0,Tablet,31.1,2,2.27,6,Yes
467,10468,28.0,Desktop,32.6,3,4.4,4,Yes
468,10469,,Desktop,19.7,2,4.39,3,No
469,10470,28.0,Desktop,19.2,2,2.43,7,No
470,10471,45.0,Desktop,22.2,4,4.33,6,Yes
471,10472,35.0,Desktop,2.0,1,4.4,5,No
472,10473,45.0,Mobile,9.8,5,2.7,4,No
473,10474,60.0,Tablet,38.7,2,1.27,4,Yes
474,10475,22.0,Mobile,41.4,3,1.01,2,Yes
475,10476,35.0,Mobile,22.5,6,3.09,4,Yes
476,10477,35.0,Mobile,30.8,3,2.38,1,Yes
477,10478,60.0,Desktop,28.1,3,4.99,3,No
478,10479,60.0,Mobile,55.8,7,4.09,3,Yes
479,10480,35.0,Tablet,36.2,3,4.05,6,Yes
480,10481,22.0,Mobile,23.7,1,4.82,2,No
481,10482,35.0,Desktop,15.4,0,4.55,0,No
482,10483,22.0,Tablet,8.9,3,2.27,4,No
483,10484,35.0,Tablet,27.0,1,1.66,2,No
484,10485,45.0,Tablet,17.4,2,3.98,15,No
485,10486,28.0,Tablet,10.8,1,2.51,5,No
486,10487,35.0,Mobile,18.5,3,2.89,4,No
487,10488,28.0,Desktop,14.2,1,3.52,5,No
488,10489,28.0,Tablet,41.9,2,4.63,10,Yes
489,10490,28.0,Tablet,33.8,4,2.68,3,Yes
490,10491,35.0,Desktop,24.9,3,4.13,1,No
491,10492,45.0,Mobile,39.8,4,2.07,2,Yes
492,10493,45.0,Tablet,25.8,2,3.79,10,Yes
493,10494,22.0,Mobile,16.4,2,1.01,2,No
494,10495,45.0,Mobile,40.2,3,4.49,6,No
495,10496,35.0,Mobile,30.4,1,1.12,8,Yes
496,10497,28.0,Mobile,14.6,2,3.85,4,No
497,10498,22.0,Tablet,23.1,4,1.19,8,No
498,10499,28.0,Tablet,16.2,6,2.06,0,Yes
499,10500,45.0,Mobile,11.2,4,2.99,6,Yes
500,10501,35.0,Mobile,34.3,1,2.68,3,Yes
501,10502,35.0,Desktop,44.1,4,1.77,2,Yes
502,10503,28.0,Desktop,11.0,4,2.34,11,Yes
503,10504,35.0,Desktop,30.6,1,3.91,3,No
504,10505,,Tablet,18.5,5,3.68,10,No
505,10506,28.0,Desktop,20.1,2,1.29,6,Yes
506,10507,35.0,Tablet,19.1,1,3.99,4,No
507,10508,22.0,Tablet,16.4,4,1.21,0,No
508,10509,45.0,Tablet,25.5,3,3.17,4,Yes
509,10510,22.0,Tablet,16.7,3,2.04,5,Yes
510,10511,35.0,Desktop,27.7,6,3.35,10,No
511,10512,28.0,Mobile,24.5,4,2.05,0,No
512,10513,35.0,Mobile,22.6,9,4.94,4,Yes
513,10514,22.0,Mobile,15.9,3,2.24,4,No
514,10515,,Desktop,19.2,2,1.97,5,Yes
515,10516,45.0,Mobile,32.6,3,2.11,2,Yes
516,10517,28.0,Desktop,30.0,2,4.59,1,Yes
517,10518,45.0,Desktop,15.2,5,3.54,3,No
518,10519,60.0,Desktop,26.0,4,3.92,4,No
519,10520,22.0,Mobile,32.5,3,4.67,1,Yes
520,10521,28.0,Mobile,8.3,5,4.65,3,No
521,10522,35.0,Mobile,30.4,3,3.96,2,Yes
522,10523,60.0,Tablet,18.4,1,1.79,5,Yes
523,10524,45.0,Desktop,30.7,3,4.37,1,No
524,10525,28.0,Tablet,17.4,7,1.82,11,Yes
525,10526,35.0,Desktop,7.0,3,3.97,2,Yes
526,10527,22.0,Mobile,8.7,2,3.74,9,No
527,10528,60.0,Desktop,25.5,5,4.04,4,Yes
528,10529,60.0,Desktop,27.6,2,3.13,5,No
529,10530,22.0,Tablet,16.0,4,3.55,3,Yes
530,10531,28.0,Desktop,31.4,1,4.81,5,No
531,10532,22.0,Mobile,8.4,3,1.4,3,Yes
532,10533,28.0,Desktop,24.3,8,2.24,1,Yes
533,10534,45.0,Desktop,12.9,3,3.45,1,Yes
534,10535,28.0,Desktop,18.5,5,4.86,9,Yes
535,10536,22.0,Tablet,25.5,6,1.38,6,Yes
536,10537,28.0,Desktop,16.4,5,1.09,3,No
537,10538,60.0,Desktop,21.2,4,1.22,4,No
538,10539,35.0,Tablet,35.1,3,1.21,2,Yes
539,10540,28.0,Tablet,19.2,4,4.63,5,No
540,10541,22.0,Tablet,33.4,0,3.89,2,Yes
541,10542,60.0,Tablet,13.7,8,3.71,4,No
542,10543,45.0,Mobile,30.3,2,3.09,3,No
543,10544,28.0,Mobile,39.4,4,4.13,12,Yes
544,10545,22.0,Desktop,0.3,0,1.62,1,No
545,10546,22.0,Mobile,17.0,1,2.57,4,No
546,10547,22.0,Desktop,30.8,7,2.96,3,Yes
547,10548,35.0,Mobile,23.0,4,1.44,10,Yes
548,10549,45.0,Tablet,28.7,5,2.68,6,Yes
549,10550,28.0,Tablet,19.0,1,2.27,3,No
550,10551,45.0,Mobile,25.9,5,1.14,2,Yes
551,10552,28.0,Mobile,23.4,1,1.55,6,Yes
552,10553,35.0,Desktop,36.7,2,4.06,3,No
553,10554,35.0,Desktop,27.5,1,1.07,7,Yes
554,10555,22.0,Desktop,28.4,4,4.74,4,No
555,10556,28.0,Tablet,20.9,3,1.35,12,Yes
556,10557,35.0,Tablet,20.1,1,4.2,6,Yes
557,10558,22.0,Tablet,20.7,3,4.59,5,Yes
558,10559,28.0,Tablet,28.9,2,4.76,10,No
559,10560,28.0,Desktop,20.8,2,4.47,8,No
560,10561,60.0,Tablet,27.9,1,2.15,9,No
561,10562,28.0,Tablet,45.8,3,2.33,0,Yes
562,10563,45.0,Tablet,33.7,2,2.71,1,Yes
563,10564,28.0,Tablet,21.7,3,1.56,10,Yes
564,10565,35.0,Mobile,37.0,3,1.09,3,No
565,10566,35.0,Desktop,20.9,5,4.48,5,Yes
566,10567,45.0,Desktop,4.6,6,3.22,3,No
567,10568,28.0,Tablet,14.9,3,3.43,5,Yes
568,10569,35.0,Mobile,6.3,5,4.71,7,No
569,10570,35.0,Desktop,21.5,2,3.66,1,Yes
570,10571,28.0,Desktop,25.2,2,3.76,4,No
571,10572,22.0,Tablet,41.8,4,4.15,5,Yes
572,10573,22.0,Tablet,28.3,3,1.47,2,No
573,10574,,Desktop,22.8,2,2.44,5,Yes
574,10575,45.0,Desktop,33.3,1,4.87,3,No
575,10576,22.0,Mobile,2.9,5,4.69,0,No
576,10577,22.0,Desktop,27.4,3,4.54,10,No
577,10578,35.0,Desktop,32.7,4,2.81,3,Yes
578,10579,28.0,Tablet,10.2,1,4.43,2,Yes
579,10580,28.0,Desktop,36.4,3,1.19,4,No
580,10581,22.0,Tablet,28.4,4,1.59,4,Yes
581,10582,60.0,Desktop,20.8,2,2.66,12,No
582,10583,45.0,Desktop,31.3,2,2.93,0,Yes
583,10584,45.0,Desktop,47.7,2,2.05,0,Yes
584,10585,28.0,Mobile,26.8,4,2.43,1,No
585,10586,35.0,Tablet,27.5,5,1.65,0,Yes
586,10587,22.0,Mobile,20.4,2,2.96,9,No
587,10588,,Desktop,16.5,2,4.18,5,No
588,10589,,Mobile,33.3,4,3.65,0,No
589,10590,35.0,Tablet,16.4,0,1.43,0,Yes
590,10591,28.0,Desktop,25.7,3,2.95,2,Yes
591,10592,28.0,Mobile,20.2,0,3.79,2,No
592,10593,,Mobile,29.8,2,3.12,3,No
593,10594,28.0,Tablet,28.3,2,2.57,1,Yes
594,10595,35.0,Mobile,35.4,1,3.49,1,No
595,10596,28.0,Tablet,19.9,4,4.87,4,No
596,10597,35.0,Desktop,22.3,5,1.38,3,Yes
597,10598,22.0,Desktop,15.2,1,2.56,10,No
598,10599,45.0,Mobile,20.6,4,2.63,0,No
599,10600,35.0,Desktop,28.8,0,3.31,3,No
600,10601,22.0,Desktop,32.6,6,1.61,1,Yes
601,10602,22.0,Mobile,15.8,5,1.71,4,No
602,10603,35.0,Desktop,33.7,1,2.14,5,No
603,10604,45.0,Mobile,38.6,5,4.82,2,Yes
604,10605,28.0,Tablet,29.1,1,3.94,2,Yes
605,10606,28.0,Tablet,43.8,4,3.65,9,Yes
606,10607,45.0,Tablet,17.3,2,4.27,2,Yes
607,10608,35.0,Mobile,12.6,1,1.51,5,No
608,10609,28.0,Mobile,7.2,3,4.44,2,No
609,10610,28.0,Desktop,40.0,3,3.38,5,No
610,10611,22.0,Desktop,31.5,6,2.34,1,No
611,10612,35.0,Desktop,24.4,0,4.26,1,No
612,10613,28.0,Desktop,27.8,3,4.21,6,No
613,10614,60.0,Desktop,13.7,5,4.38,11,Yes
614,10615,28.0,Mobile,49.5,1,1.46,11,Yes
615,10616,28.0,Mobile,26.3,3,4.88,9,No
616,10617,35.0,Tablet,26.1,4,4.84,13,No
617,10618,45.0,Tablet,32.3,2,2.43,5,No
618,10619,45.0,Tablet,29.8,3,1.26,2,No
619,10620,28.0,Tablet,27.2,7,1.67,5,Yes
620,10621,35.0,Mobile,17.1,1,4.97,2,No
621,10622,35.0,Mobile,29.7,3,3.25,0,No
622,10623,28.0,Mobile,43.8,3,2.43,5,Yes
623,10624,22.0,Desktop,38.5,1,2.15,3,No
624,10625,28.0,Desktop,40.9,1,2.03,1,No
625,10626,22.0,Tablet,19.9,2,3.66,3,Yes
626,10627,45.0,Desktop,15.1,2,2.68,5,No
627,10628,28.0,Mobile,23.7,6,4.86,2,Yes
628,10629,60.0,Tablet,25.6,1,3.74,3,No
629,10630,28.0,Tablet,35.9,3,4.17,4,Yes
630,10631,35.0,Desktop,8.1,3,2.17,5,No
631,10632,28.0,Tablet,40.3,4,1.32,4,Yes
632,10633,22.0,Desktop,23.4,2,2.95,3,Yes
633,10634,28.0,Desktop,20.7,3,2.26,2,No
634,10635,22.0,Tablet,14.9,4,1.81,6,Yes
635,10636,35.0,Desktop,8.5,2,4.81,1,No
636,10637,28.0,Desktop,33.2,3,2.78,3,No
637,10638,35.0,Desktop,25.7,2,1.7,5,No
638,10639,22.0,Desktop,12.1,4,1.79,5,No
639,10640,22.0,Tablet,12.0,1,2.12,5,No
640,10641,28.0,Mobile,21.6,3,5.0,4,No
641,10642,45.0,Mobile,41.7,5,2.07,12,Yes
642,10643,35.0,Desktop,22.4,2,2.32,8,Yes
643,10644,28.0,Desktop,10.0,4,3.64,13,No
644,10645,28.0,Desktop,22.5,2,2.18,0,No
645,10646,22.0,Mobile,22.3,1,1.86,5,No
646,10647,60.0,Desktop,2.0,3,1.63,0,No
647,10648,35.0,Tablet,24.5,4,2.25,8,No
648,10649,28.0,Tablet,22.7,7,1.42,0,Yes
649,10650,35.0,Tablet,32.0,4,1.07,5,No
650,10651,22.0,Mobile,43.5,6,4.22,6,Yes
651,10652,60.0,Desktop,36.3,4,1.55,15,Yes
652,10653,22.0,Desktop,22.3,1,4.1,7,No
653,10654,35.0,Desktop,13.9,1,4.19,3,No
654,10655,22.0,Mobile,50.7,7,3.15,0,Yes
655,10656,35.0,Mobile,25.6,4,2.24,8,Yes
656,10657,35.0,Mobile,25.1,3,1.58,1,Yes
657,10658,35.0,Mobile,24.8,3,3.95,8,No
658,10659,35.0,Tablet,27.0,3,3.41,2,Yes
659,10660,45.0,Mobile,23.6,3,3.62,5,Yes
660,10661,22.0,Mobile,19.3,1,1.03,0,Yes
661,10662,28.0,Mobile,19.5,1,4.71,4,No
662,10663,22.0,Desktop,24.7,3,1.27,3,No
663,10664,60.0,Desktop,19.6,0,2.47,3,No
664,10665,28.0,Desktop,17.9,3,2.61,8,Yes
665,10666,35.0,Tablet,26.1,3,1.01,4,No
666,10667,35.0,Tablet,22.5,0,2.99,5,No
667,10668,22.0,Mobile,40.0,2,4.01,2,No
668,10669,22.0,Desktop,1.5,1,4.29,1,No
669,10670,28.0,Tablet,35.9,2,4.52,10,No
670,10671,28.0,Desktop,37.5,4,2.95,4,No
671,10672,22.0,Tablet,4.3,4,3.52,6,Yes
672,10673,,Tablet,21.6,1,1.32,4,No
673,10674,45.0,Mobile,21.3,3,2.95,7,Yes
674,10675,60.0,Mobile,10.9,3,1.62,19,No
675,10676,28.0,Tablet,17.2,2,2.48,6,No
676,10677,28.0,Mobile,13.9,2,2.32,7,No
677,10678,,Tablet,42.5,3,2.69,8,No
678,10679,35.0,Tablet,34.4,2,3.29,0,No
679,10680,45.0,Desktop,37.7,3,4.61,5,Yes
680,10681,22.0,Mobile,32.2,2,2.58,2,No
681,10682,22.0,Mobile,13.7,1,4.92,4,No
682,10683,35.0,Mobile,19.8,0,4.04,4,No
683,10684,35.0,Desktop,29.9,3,3.05,2,No
684,10685,,Desktop,12.8,4,3.58,5,Yes
685,10686,35.0,Desktop,32.1,4,1.41,1,Yes
686,10687,28.0,Mobile,22.6,3,4.38,10,Yes
687,10688,28.0,Mobile,21.3,3,3.33,4,No
688,10689,35.0,Mobile,32.1,6,4.94,5,Yes
689,10690,45.0,Desktop,29.4,4,3.55,6,Yes
690,10691,28.0,Desktop,21.4,4,4.34,3,Yes
691,10692,45.0,Tablet,36.6,5,4.2,4,Yes
692,10693,28.0,Desktop,14.2,1,2.38,6,No
693,10694,35.0,Tablet,31.2,4,2.04,4,Yes
694,10695,28.0,Mobile,30.9,2,2.72,5,No
695,10696,45.0,Desktop,21.9,4,2.87,4,Yes
696,10697,45.0,Mobile,28.3,5,1.96,3,Yes
697,10698,22.0,Mobile,12.5,2,4.58,3,No
698,10699,45.0,Mobile,34.2,4,3.17,8,No
699,10700,45.0,Mobile,23.2,1,4.91,11,Yes
700,10701,35.0,Desktop,19.8,2,4.24,8,Yes
701,10702,22.0,Mobile,35.5,4,3.22,2,No
702,10703,45.0,Tablet,18.0,1,4.79,23,No
703,10704,45.0,Desktop,10.9,1,3.02,2,No
704,10705,28.0,Mobile,9.4,0,4.55,1,No
705,10706,60.0,Desktop,31.1,3,2.43,9,No
706,10707,,Tablet,12.2,3,2.51,5,Yes
707,10708,22.0,Mobile,42.5,4,2.67,3,Yes
708,10709,28.0,Tablet,4.2,2,3.19,4,No
709,10710,35.0,Mobile,42.0,3,3.21,3,Yes
710,10711,35.0,Tablet,27.1,6,2.99,7,No
711,10712,,Mobile,24.0,2,2.22,5,No
712,10713,60.0,Desktop,19.6,2,4.71,6,No
713,10714,,Mobile,29.0,2,3.35,1,No
714,10715,22.0,Desktop,24.6,4,2.63,3,No
715,10716,,Mobile,36.0,1,3.6,0,Yes
716,10717,35.0,Mobile,26.1,4,4.07,3,Yes
717,10718,45.0,Tablet,26.5,3,4.84,1,Yes
718,10719,35.0,Tablet,21.4,3,3.0,2,No
719,10720,45.0,Tablet,24.4,5,1.45,0,No
720,10721,,Mobile,28.1,3,2.76,3,Yes
721,10722,28.0,Mobile,7.9,1,2.92,25,No
722,10723,28.0,Mobile,11.5,1,4.59,9,No
723,10724,28.0,Desktop,32.4,3,2.58,3,No
724,10725,22.0,Desktop,26.7,5,4.81,7,Yes
725,10726,35.0,Mobile,23.2,4,2.94,6,Yes
726,10727,28.0,Tablet,25.2,2,4.9,3,Yes
727,10728,35.0,Tablet,28.5,7,1.03,8,No
728,10729,28.0,Tablet,19.6,0,4.6,13,No
729,10730,22.0,Mobile,17.2,4,4.72,3,No
730,10731,35.0,Tablet,27.0,2,4.84,9,Yes
731,10732,22.0,Mobile,15.2,3,1.05,1,No
732,10733,45.0,Desktop,29.1,1,1.69,2,Yes
733,10734,35.0,Tablet,8.0,3,3.62,3,No
734,10735,22.0,Desktop,35.3,1,1.1,4,No
735,10736,60.0,Tablet,29.7,3,1.25,0,No
736,10737,28.0,Mobile,27.6,6,1.88,8,Yes
737,10738,22.0,Mobile,34.8,3,3.05,9,Yes
738,10739,35.0,Mobile,41.7,2,3.18,5,No
739,10740,28.0,Mobile,35.1,1,1.14,0,Yes
740,10741,45.0,Tablet,6.6,4,1.68,2,No
741,10742,45.0,Desktop,12.2,4,3.0,2,Yes
742,10743,60.0,Mobile,18.8,3,3.38,7,No
743,10744,28.0,Tablet,25.3,1,1.59,4,No
744,10745,28.0,Desktop,30.2,4,2.6,5,Yes
745,10746,35.0,Mobile,17.7,2,4.62,13,Yes
746,10747,22.0,Desktop,26.9,4,5.0,7,Yes
747,10748,28.0,Mobile,17.4,1,4.95,0,No
748,10749,28.0,Desktop,18.9,5,4.53,15,No
749,10750,22.0,Desktop,10.9,3,2.58,4,No
750,10751,28.0,Mobile,15.8,1,3.75,1,No
751,10752,45.0,Tablet,11.5,2,2.67,3,No
752,10753,45.0,Desktop,15.2,1,3.59,16,No
753,10754,22.0,Mobile,35.5,5,2.24,3,Yes
754,10755,22.0,Desktop,15.5,1,3.42,8,No
755,10756,28.0,Desktop,51.3,3,3.1,2,Yes
756,10757,45.0,Tablet,29.9,2,1.1,2,Yes
757,10758,22.0,Desktop,26.8,3,4.16,2,No
758,10759,35.0,Desktop,16.4,2,1.05,3,Yes
759,10760,22.0,Mobile,32.0,5,2.17,3,Yes
760,10761,35.0,Mobile,19.2,4,1.02,0,No
761,10762,28.0,Tablet,26.2,5,2.5,5,Yes
762,10763,35.0,Desktop,50.6,2,1.25,3,No
763,10764,22.0,Desktop,24.0,3,4.65,4,Yes
764,10765,35.0,Desktop,36.5,2,2.66,0,Yes
765,10766,22.0,Tablet,18.0,1,2.84,3,No
766,10767,35.0,Desktop,24.7,3,2.4,8,No
767,10768,45.0,Mobile,42.7,1,3.51,4,Yes
768,10769,22.0,Tablet,18.7,7,4.14,2,Yes
769,10770,45.0,Mobile,43.1,6,3.59,5,Yes
770,10771,35.0,Mobile,32.1,3,3.99,3,No
771,10772,22.0,Tablet,19.4,4,4.62,3,No
772,10773,28.0,Mobile,31.3,1,4.45,3,No
773,10774,22.0,Desktop,34.7,1,3.7,4,No
774,10775,35.0,Tablet,31.2,2,1.86,0,No
775,10776,35.0,Mobile,9.3,3,3.55,13,No
776,10777,22.0,Desktop,17.7,3,3.02,9,No
777,10778,28.0,Desktop,22.5,1,3.87,4,No
778,10779,45.0,Mobile,24.3,4,4.33,7,Yes
779,10780,45.0,Desktop,31.2,1,3.97,1,No
780,10781,28.0,Tablet,26.8,3,4.39,3,No
781,10782,60.0,Mobile,11.6,3,1.26,5,No
782,10783,28.0,Desktop,28.8,1,1.13,4,Yes
783,10784,28.0,Desktop,31.1,2,2.03,3,No
784,10785,45.0,Mobile,30.6,4,4.6,0,No
785,10786,28.0,Mobile,35.8,2,4.29,5,Yes
786,10787,28.0,Mobile,33.3,0,3.73,1,No
787,10788,28.0,Mobile,29.6,4,3.8,1,Yes
788,10789,45.0,Tablet,24.3,0,3.91,6,No
789,10790,45.0,Mobile,8.4,2,4.77,11,No
790,10791,28.0,Tablet,29.3,5,4.33,4,No
791,10792,28.0,Tablet,27.1,1,3.49,3,No
792,10793,28.0,Mobile,27.7,5,3.66,0,Yes
793,10794,35.0,Tablet,12.2,4,1.85,4,No
794,10795,22.0,Mobile,14.2,4,3.63,0,No
795,10796,35.0,Mobile,35.5,3,2.7,0,No
796,10797,28.0,Desktop,24.6,6,1.61,3,Yes
797,10798,28.0,Mobile,31.8,2,4.23,2,Yes
798,10799,22.0,Desktop,25.3,4,3.04,9,Yes
799,10800,22.0,Tablet,25.3,2,4.91,11,No
800,10801,45.0,Desktop,34.4,5,2.13,8,No
801,10802,28.0,Tablet,19.8,3,2.92,11,No
802,10803,22.0,Mobile,26.0,3,2.79,4,No
803,10804,28.0,Tablet,20.4,3,1.48,4,Yes
804,10805,28.0,Tablet,20.7,1,2.7,11,No
805,10806,,Mobile,21.9,3,2.15,3,No
806,10807,28.0,Tablet,27.2,6,1.64,7,Yes
807,10808,28.0,Mobile,20.2,3,2.13,1,No
808,10809,35.0,Desktop,37.6,1,1.93,9,Yes
809,10810,28.0,Mobile,16.1,3,3.94,6,Yes
810,10811,28.0,Mobile,23.1,3,1.12,4,No
811,10812,60.0,Tablet,20.6,2,3.47,3,No
812,10813,28.0,Desktop,39.5,3,4.04,1,Yes
813,10814,28.0,Mobile,27.0,0,2.92,11,No
814,10815,22.0,Desktop,35.3,8,4.73,3,Yes
815,10816,28.0,Desktop,10.1,1,3.83,7,No
816,10817,35.0,Tablet,27.7,1,3.99,10,No
817,10818,22.0,Mobile,33.9,3,1.79,3,No
818,10819,35.0,Tablet,25.8,2,4.11,4,Yes
819,10820,,Mobile,35.7,2,4.33,2,Yes
820,10821,28.0,Desktop,19.8,3,2.45,1,No
821,10822,35.0,Mobile,39.1,4,1.85,1,Yes
822,10823,28.0,Mobile,48.0,3,2.54,1,No
823,10824,35.0,Desktop,21.4,7,3.96,4,Yes
824,10825,22.0,Desktop,20.5,3,2.67,8,No
825,10826,35.0,Mobile,39.5,3,3.95,7,Yes
826,10827,22.0,Tablet,40.8,3,1.45,0,Yes
827,10828,45.0,Mobile,19.8,5,4.22,4,No
828,10829,22.0,Desktop,20.8,5,2.01,2,No
829,10830,45.0,Tablet,22.2,4,2.0,2,Yes
830,10831,28.0,Desktop,11.6,4,3.36,4,Yes
831,10832,35.0,Desktop,15.8,2,1.28,3,No
832,10833,28.0,Tablet,15.0,6,1.11,4,No
833,10834,45.0,Desktop,17.3,3,2.04,6,Yes
834,10835,22.0,Desktop,24.7,2,3.15,0,No
835,10836,22.0,Desktop,27.3,6,4.63,17,Yes
836,10837,28.0,Desktop,40.5,4,4.39,3,Yes
837,10838,22.0,Desktop,15.0,3,2.96,9,Yes
838,10839,22.0,Desktop,34.8,3,1.15,3,Yes
839,10840,45.0,Desktop,22.9,6,3.14,3,No
840,10841,60.0,Desktop,24.5,4,3.82,1,Yes
841,10842,28.0,Desktop,31.7,2,2.36,1,Yes
842,10843,45.0,Mobile,13.8,1,1.44,1,No
843,10844,28.0,Mobile,28.8,3,2.11,5,No
844,10845,28.0,Desktop,26.7,4,4.09,4,Yes
845,10846,35.0,Mobile,29.9,5,2.4,7,No
846,10847,35.0,Tablet,27.9,6,4.25,1,Yes
847,10848,60.0,Mobile,49.6,2,2.28,6,Yes
848,10849,28.0,Desktop,18.6,4,1.65,6,Yes
849,10850,35.0,Desktop,19.7,4,2.74,0,No
850,10851,22.0,Mobile,18.8,0,2.81,1,No
851,10852,22.0,Desktop,19.4,4,1.06,2,No
852,10853,,Tablet,18.6,5,1.47,5,Yes
853,10854,60.0,Tablet,36.9,2,1.74,6,Yes
854,10855,45.0,Desktop,39.2,5,1.45,2,Yes
855,10856,35.0,Tablet,19.3,4,2.37,11,No
856,10857,28.0,Tablet,16.7,5,4.86,5,No
857,10858,28.0,Mobile,29.7,2,3.04,3,Yes
858,10859,22.0,Tablet,19.5,2,3.51,0,No
859,10860,28.0,Mobile,31.3,0,2.43,1,Yes
860,10861,28.0,Desktop,27.0,4,2.29,10,Yes
861,10862,35.0,Mobile,9.8,1,1.09,2,No
862,10863,28.0,Desktop,40.5,2,3.0,1,No
863,10864,22.0,Desktop,43.0,3,2.93,0,Yes
864,10865,,Desktop,18.9,2,1.63,14,No
865,10866,22.0,Desktop,21.1,2,4.06,10,No
866,10867,28.0,Desktop,27.9,1,2.97,5,Yes
867,10868,45.0,Mobile,28.3,3,2.36,7,No
868,10869,35.0,Desktop,31.6,4,1.59,9,No
869,10870,45.0,Tablet,45.1,6,3.21,3,Yes
870,10871,28.0,Tablet,23.2,3,4.01,6,No
871,10872,28.0,Desktop,17.0,2,2.13,0,Yes
872,10873,22.0,Tablet,11.2,3,1.88,5,No
873,10874,45.0,Mobile,17.7,1,3.09,16,No
874,10875,35.0,Mobile,24.7,2,1.62,1,Yes
875,10876,22.0,Desktop,42.9,1,3.67,5,Yes
876,10877,28.0,Desktop,19.8,3,3.42,22,No
877,10878,28.0,Desktop,27.2,4,1.35,3,No
878,10879,35.0,Tablet,24.8,2,1.15,5,No
879,10880,45.0,Tablet,36.9,2,3.48,4,Yes
880,10881,35.0,Mobile,50.3,3,2.18,3,Yes
881,10882,28.0,Tablet,19.7,2,1.35,14,No
882,10883,22.0,Mobile,20.1,2,4.04,3,No
883,10884,22.0,Tablet,35.4,3,2.26,5,No
884,10885,22.0,Mobile,31.8,1,2.84,4,No
885,10886,,Desktop,43.5,6,1.95,0,Yes
886,10887,35.0,Tablet,30.8,2,3.51,29,Yes
887,10888,35.0,Mobile,21.4,2,2.21,2,No
888,10889,22.0,Tablet,30.9,2,4.87,1,Yes
889,10890,45.0,Desktop,36.1,4,3.81,2,Yes
890,10891,22.0,Mobile,33.2,1,1.55,0,Yes
891,10892,28.0,Tablet,30.1,2,2.67,1,Yes
892,10893,22.0,Tablet,35.7,4,2.54,1,Yes
893,10894,28.0,Desktop,36.7,3,3.14,11,Yes
894,10895,28.0,Desktop,38.8,3,4.37,24,Yes
895,10896,28.0,Mobile,31.5,3,3.33,11,Yes
896,10897,28.0,Tablet,23.3,6,1.25,9,Yes
897,10898,60.0,Tablet,26.5,3,3.62,2,Yes
898,10899,22.0,Desktop,37.1,3,1.03,0,Yes
899,10900,22.0,Desktop,16.8,1,4.12,5,No
900,10901,22.0,Mobile,28.7,2,3.67,2,Yes
901,10902,35.0,Tablet,21.1,4,2.24,0,No
902,10903,22.0,Tablet,25.3,3,2.17,1,Yes
903,10904,45.0,Mobile,37.8,3,4.19,4,No
904,10905,28.0,Mobile,26.9,2,4.13,4,No
905,10906,28.0,Desktop,25.5,3,2.41,0,No
906,10907,35.0,Desktop,11.4,1,2.2,8,No
907,10908,22.0,Mobile,32.5,2,3.24,7,Yes
908,10909,22.0,Mobile,31.5,2,1.03,5,No
909,10910,28.0,Tablet,46.6,3,1.33,7,Yes
910,10911,35.0,Mobile,21.9,5,1.5,5,No
911,10912,22.0,Mobile,27.2,3,1.74,8,No
912,10913,22.0,Tablet,27.5,6,3.05,7,No
913,10914,60.0,Mobile,40.8,2,4.97,0,Yes
914,10915,,Desktop,24.0,5,3.61,4,No
915,10916,45.0,Desktop,27.8,6,1.25,5,Yes
916,10917,35.0,Tablet,31.1,6,3.1,6,Yes
917,10918,28.0,Mobile,26.9,3,2.99,10,No
918,10919,22.0,Desktop,20.5,4,1.58,1,Yes
919,10920,22.0,Desktop,26.9,3,4.68,8,No
920,10921,35.0,Desktop,35.7,2,2.76,4,Yes
921,10922,35.0,Desktop,14.7,5,4.98,16,No
922,10923,35.0,Mobile,26.3,4,2.68,4,Yes
923,10924,45.0,Mobile,18.0,2,3.43,5,No
924,10925,35.0,Mobile,37.0,0,1.42,3,Yes
925,10926,22.0,Mobile,9.8,0,2.82,2,No
926,10927,22.0,Desktop,19.4,5,1.96,4,Yes
927,10928,45.0,Tablet,28.8,6,4.34,3,Yes
928,10929,22.0,Tablet,40.7,1,4.14,1,No
929,10930,22.0,Desktop,24.3,2,4.3,12,No
930,10931,35.0,Desktop,19.4,5,3.89,6,Yes
931,10932,28.0,Tablet,43.8,4,4.33,4,Yes
932,10933,45.0,Tablet,10.5,3,1.8,8,No
933,10934,35.0,Desktop,3.0,2,2.81,0,Yes
934,10935,22.0,Desktop,29.4,0,3.77,3,No
935,10936,45.0,Mobile,20.0,4,3.55,2,Yes
936,10937,28.0,Mobile,14.8,5,3.87,5,Yes
937,10938,28.0,Tablet,32.1,2,1.9,5,Yes
938,10939,28.0,Desktop,27.4,3,1.39,0,No
939,10940,22.0,Tablet,19.4,7,4.67,5,Yes
940,10941,28.0,Mobile,12.2,5,3.24,1,Yes
941,10942,22.0,Mobile,33.7,3,1.62,2,Yes
942,10943,28.0,Tablet,31.5,1,4.17,7,No
943,10944,28.0,Mobile,24.0,3,4.66,4,No
944,10945,35.0,Desktop,43.5,4,1.68,0,Yes
945,10946,45.0,Tablet,14.3,1,4.27,4,No
946,10947,22.0,Desktop,9.7,3,4.73,4,No
947,10948,28.0,Desktop,18.1,3,4.75,3,No
948,10949,28.0,Mobile,24.5,4,4.66,6,Yes
949,10950,22.0,Desktop,27.4,1,3.19,3,No
950,10951,35.0,Tablet,22.6,2,2.42,2,No
951,10952,35.0,Desktop,28.5,3,1.03,21,Yes
952,10953,22.0,Desktop,12.5,2,1.24,5,No
953,10954,28.0,Desktop,39.4,1,2.72,16,No
954,10955,22.0,Desktop,24.2,1,2.6,0,No
955,10956,35.0,Desktop,36.2,3,1.74,3,Yes
956,10957,22.0,Mobile,28.4,0,2.58,7,Yes
957,10958,60.0,Tablet,29.6,3,1.7,6,Yes
958,10959,35.0,Mobile,30.7,1,4.4,5,No
959,10960,28.0,Tablet,29.5,1,2.19,10,Yes
960,10961,35.0,Tablet,31.4,7,3.39,3,Yes
961,10962,45.0,Tablet,38.3,3,3.01,7,No
962,10963,35.0,Tablet,27.0,2,1.21,4,Yes
963,10964,22.0,Tablet,32.1,4,4.77,3,Yes
964,10965,28.0,Desktop,24.1,4,3.11,16,Yes
965,10966,45.0,Mobile,39.4,0,2.3,9,No
966,10967,35.0,Mobile,18.2,3,1.63,3,No
967,10968,35.0,Desktop,43.0,3,2.35,5,No
968,10969,45.0,Tablet,24.6,7,1.08,2,Yes
969,10970,45.0,Mobile,10.7,3,2.45,9,No
970,10971,45.0,Desktop,26.3,2,3.13,1,No
971,10972,22.0,Desktop,18.2,4,4.49,3,No
972,10973,28.0,Mobile,33.4,2,3.75,1,No
973,10974,35.0,Mobile,18.5,2,1.45,2,Yes
974,10975,35.0,Tablet,20.5,3,1.59,1,No
975,10976,35.0,Tablet,6.1,0,2.71,3,No
976,10977,22.0,Mobile,20.5,0,1.78,3,No
977,10978,35.0,Tablet,0.8,3,1.11,1,No
978,10979,35.0,Desktop,9.2,4,4.22,1,No
979,10980,22.0,Tablet,32.6,6,1.08,5,Yes
980,10981,28.0,Tablet,32.9,4,4.32,0,Yes
981,10982,22.0,Desktop,29.3,2,1.58,0,Yes
982,10983,28.0,Tablet,15.3,2,4.9,2,No
983,10984,,Desktop,24.5,8,3.42,9,Yes
984,10985,28.0,Tablet,25.0,4,3.94,3,No
985,10986,28.0,Mobile,13.4,3,1.44,0,No
986,10987,35.0,Tablet,40.0,1,4.45,9,Yes
987,10988,35.0,Mobile,33.8,2,4.36,9,No
988,10989,45.0,Mobile,22.8,1,3.61,3,No
989,10990,22.0,Mobile,25.3,3,3.01,13,No
990,10991,22.0,Mobile,27.1,4,3.89,3,Yes
991,10992,45.0,Mobile,4.6,0,1.02,0,No
992,10993,22.0,Desktop,22.5,2,3.37,11,No
993,10994,60.0,Desktop,18.2,5,4.39,0,Yes
994,10995,45.0,Desktop,15.0,5,2.43,0,No
995,10996,28.0,Mobile,22.2,3,1.43,7,No
996,10997,60.0,Tablet,43.0,1,2.68,3,No
997,10998,22.0,Desktop,31.4,3,3.91,19,Yes
998,10999,28.0,Tablet,19.3,2,1.43,0,Yes
999,11000,35.0,Tablet,30.7,5,1.82,9,Yes
